title,image_url,movie_link,about
Dynamite Kiss (Season 1) WEB-DL [Hindi (2.0) & Korean] 1080p 720p & 480p Dual Audio [x264/ESubs] | NF Series | [EP-2 Added],https://image.tmdb.org/t/p/w342/qY3ltlWUB7u3ENocrMOkbGCGYnt.jpg,https://hdhub4u.pictures/dynamite-kiss-season-1-webrip-hindi-full-series/,Dynamite Kiss (Season 1) WEB-DL [Hindi (2.0) & Korean] 1080p 720p & 480p Dual Audio [x264/ESubs] | NF Series | [EP-2 Added]
Panda Plan (2024) BluRay [Hindi (DD2.0) & English] 1080p 720p & 480p Dual Audio [x264/10Bit-HEVC] | Full Movie,https://image.tmdb.org/t/p/w342/8iMPQl13q89jQhaA5nXb6UiT0t0.jpg,https://hdhub4u.pictures/panda-plan-2024-hindi-bluray-full-movie/,Panda Plan (2024) BluRay [Hindi (DD2.0) & English] 1080p 720p & 480p Dual Audio [x264/10Bit-HEVC] | Full Movie
Nishaanchi 2 (2025) WEB-DL [Hindi DD5.1] 4K 1080p 720p & 480p [x264/HEVC] | Full Movie,https://image.tmdb.org/t/p/w342/nO07vsSxqrE0VN7TcQdtKwaToWY.jpg,https://hdhub4u.pictures/nishaanchi-2-2025-hindi-webrip-full-movie/,Nishaanchi 2 (2025) WEB-DL [Hindi DD5.1] 4K 1080p 720p & 480p [x264/HEVC] | Full Movie
Jolly LLB 3 (2025) DS4K WEB-DL [Hindi DD5.1] 4K 1080p 720p & 480p [x264/10Bit-HEVC] | Full Movie,https://image.tmdb.org/t/p/w342/bwRoU9p5GvjxgPfmIgsfcJ4ydng.jpg,https://hdhub4u.pictures/jolly-llb-3-2025-hindi-webrip-full-movie/,Jolly LLB 3 (2025) DS4K WEB-DL [Hindi DD5.1] 4K 1080p 720p & 480p [x264/10Bit-HEVC] | Full Movie
Dude (2025) WEB-DL [Hindi (DD5.1) & Tamil] 4K 1080p 720p & 480p Dual Audio [x264/10Bit-HEVC] | Full Movie,https://image.tmdb.org/t/p/w342/6UVxW4ktk5050j1VPb7mOKhT6Es.jpg,https://hdhub4u.pictures/dude-2025-hindi-webrip-full-movie/,Dude (2025) WEB-DL [Hindi (DD5.1) & Tamil] 4K 1080p 720p & 480p Dual Audio [x264/10Bit-HEVC] | Full Movie
Avihitham (2025) DS4K WEB-DL [Hindi (DD5.1) & Malayalam] 4K 1080p 720p & 480p Dual Audio [x264/HEVC] | Full Movie,https://image.tmdb.org/t/p/w342/gPHdHjoUK2Hft5XpyYQ4s7XqxrE.jpg,https://hdhub4u.pictures/avihitham-2025-hindi-webrip-full-movie/,Avihitham (2025) DS4K WEB-DL [Hindi (DD5.1) & Malayalam] 4K 1080p 720p & 480p Dual Audio [x264/HEVC] | Full Movie
Telusu Kada (2025) WEB-DL [Hindi (DD5.1) & Telugu] 4K 1080p 720p & 480p Dual Audio [x264/10Bit-HEVC] | Full Movie,https://catimages.org/images/2025/11/14/Telusu-Kada-2025-HDHub4u.Ms.jpg,https://hdhub4u.pictures/telusu-kada-2025-hindi-webrip-full-movie/,Telusu Kada (2025) WEB-DL [Hindi (DD5.1) & Telugu] 4K 1080p 720p & 480p Dual Audio [x264/10Bit-HEVC] | Full Movie
The Beast in Me (Season 1) WEB-DL [Hindi (DD5.1) & English] 1080p 720p & 480p Dual Audio [x264/10Bit-HEVC] | Full Series,https://image.tmdb.org/t/p/w342/jxf7JCfIMvGONWTNUIJ068sFixK.jpg,https://hdhub4u.pictures/the-beast-in-me-season-1-webrip-hindi-full-series/,The Beast in Me (Season 1) WEB-DL [Hindi (DD5.1) & English] 1080p 720p & 480p Dual Audio [x264/10Bit-HEVC] | Full Series
Delhi Crime (Season 3) WEB-DL [Hindi DD5.1] 4K 1080p 720p & 480p [x264/10Bit-HEVC] HD | NF Series,https://image.tmdb.org/t/p/w342/dtAKABHpkspEeDxisQ8Fu9r4w6I.jpg,https://hdhub4u.pictures/delhi-crime-season-3-hindi-webrip-all-episodes/,Delhi Crime (Season 3) WEB-DL [Hindi DD5.1] 4K 1080p 720p & 480p [x264/10Bit-HEVC] HD | NF Series
Phaphey Kuttniyan (2025) WEB-DL [Punjabi DD5.1] 4K 1080p 720p & 480p [x264/HEVC] | Full Movie,https://image.tmdb.org/t/p/w342/kjwkWmr7HrybmEqPkmrkxe5fJcR.jpg,https://hdhub4u.pictures/phaphey-kuttniyan-2025-webrip-punjabi-full-movie/,Phaphey Kuttniyan (2025) WEB-DL [Punjabi DD5.1] 4K 1080p 720p & 480p [x264/HEVC] | Full Movie
Gabby’s Dollhouse: The Movie (2025) WEB-DL [Hindi (DD5.1) & English] 4K 1080p 720p & 480p Dual Audio [x264/10Bit-HEVC] | Full Movie,https://image.tmdb.org/t/p/w342/t6LLguAmu6iZUN8pWhT7Q0IcaQ5.jpg,https://hdhub4u.pictures/gabbys-dollhouse-the-movie-2025-webrip-hindi-full-movie/,Gabby’s Dollhouse: The Movie (2025) WEB-DL [Hindi (DD5.1) & English] 4K 1080p 720p & 480p Dual Audio [x264/10Bit-HEVC] | Full Movie
Last Samurai Standing (Season 1) WEB-DL [Hindi (DD5.1) & English] 1080p 720p & 480p [x264/10Bit-HEVC] | [ALL Episodes] | NF Series,https://image.tmdb.org/t/p/w342/cZDJ5pAVmQs5c84my2bAhT3fbh8.jpg,https://hdhub4u.pictures/last-samurai-standing-season-1-hindi-webrip-all-episodes/,Last Samurai Standing (Season 1) WEB-DL [Hindi (DD5.1) & English] 1080p 720p & 480p [x264/10Bit-HEVC] | [ALL Episodes] | NF Series
Death Note (Season 1) BluRay [Hindi (DD2.0) & English] 1080p 720p & 480p [x264/Esubs] | [EP-26 Added],https://image.tmdb.org/t/p/w342/tCZFfYTIwrR7n94J6G14Y4hAFU6.jpg,https://hdhub4u.pictures/death-note-season-1-bluray-hindi-full-series/,Death Note (Season 1) BluRay [Hindi (DD2.0) & English] 1080p 720p & 480p [x264/Esubs] | [EP-26 Added]
The Draft! (2023) WEB-DL [Hindi (DD5.1) & Indonesian] 1080p 720p & 480p Dual Audio [x264/10Bit-HEVC] | Full Movie,https://image.tmdb.org/t/p/w342/kIgnGTEdizHySPsGaO2RNgN2yE5.jpg,https://hdhub4u.pictures/the-draft-2023-hindi-webrip-full-movie/,The Draft! (2023) WEB-DL [Hindi (DD5.1) & Indonesian] 1080p 720p & 480p Dual Audio [x264/10Bit-HEVC] | Full Movie
The Girlfriend (2025) HQ-HDTC [Hindi (LiNE) & Telugu] 1080p 720p & 480p Dual Audio [x264/HEVC] | Full Movie,http://image.tmdb.org/t/p/w500/vcGeERDrMBVihLaxbFbj5pK3kgL.jpg,https://hdhub4u.pictures/the-girlfriend-2025-hindi-hdtc-full-movie/,The Girlfriend (2025) HQ-HDTC [Hindi (LiNE) & Telugu] 1080p 720p & 480p Dual Audio [x264/HEVC] | Full Movie
Two Much with Kajol and Twinkle (Season 1) WEB-DL [Hindi DD5.1] 1080p 720p & 480p [x264/ESubs] | AMZN Series | [ALL Episodes],https://image.tmdb.org/t/p/w342/261dokXdpS1KGIqvW9hiPKx6u6G.jpg,https://hdhub4u.pictures/two-much-with-kajol-and-twinkle-season-1-webrip-hindi-full-series/,Two Much with Kajol and Twinkle (Season 1) WEB-DL [Hindi DD5.1] 1080p 720p & 480p [x264/ESubs] | AMZN Series | [ALL Episodes]
Phullwanti (2024) WEB-DL [Hindi (DD5.1) & Marathi] 4K 1080p 720p & 480p Dual Audio [x264/HEVC] | Full Movie,https://image.tmdb.org/t/p/w342/1vZBlfnbFAiwedoBTBohJH2LD9O.jpg,https://hdhub4u.pictures/phullwanti-2024-hindi-marathi-webrip-full-movie/,Phullwanti (2024) WEB-DL [Hindi (DD5.1) & Marathi] 4K 1080p 720p & 480p Dual Audio [x264/HEVC] | Full Movie
Family Matters (Season 1) WEB-DL [Hindi (DD2.0) & Korean] 4K 1080p 720p & 480p Dual Audio [x264/10Bit-HEVC] | Full Series,https://image.tmdb.org/t/p/w342/aQt92o4IOZis7rFRNpo15sflZde.jpg,https://hdhub4u.pictures/family-matters-season-1-webrip-hindi-full-series/,Family Matters (Season 1) WEB-DL [Hindi (DD2.0) & Korean] 4K 1080p 720p & 480p Dual Audio [x264/10Bit-HEVC] | Full Series
Mrs Playmen (Season 1) WEB-DL [Hindi (DD5.1) & English] 1080p 720p & 480p Dual Audio [x264/ESubs] | NF Series,https://image.tmdb.org/t/p/w342/aLwRvsuKhMjrCrAUUuw61cSuiOi.jpg,https://hdhub4u.pictures/mrs-playmen-season-1-webrip-hindi-full-series/,Mrs Playmen (Season 1) WEB-DL [Hindi (DD5.1) & English] 1080p 720p & 480p Dual Audio [x264/ESubs] | NF Series
Freakier Friday (2025) BluRay [Hindi (DD5.1) & English] 4K 1080p 720p & 480p Dual Audio [x264/10Bit-HEVC] | Full Movie,https://image.tmdb.org/t/p/w342/9wV65OmsjLAqBfDnYTkMPutXH8j.jpg,https://hdhub4u.pictures/freakier-friday-2025-hindi-bluray-full-movie/,Freakier Friday (2025) BluRay [Hindi (DD5.1) & English] 4K 1080p 720p & 480p Dual Audio [x264/10Bit-HEVC] | Full Movie
Chidiya (2025) WEB-DL [Hindi DD5.1] 1080p 720p & 480p [x264/HEVC] | Full Movie,https://catimages.org/images/2025/11/12/Chidiya-2016-HDHub4u.Ms.jpg,https://hdhub4u.pictures/chidiya-2025-hindi-webrip-full-movie/,Chidiya (2025) WEB-DL [Hindi DD5.1] 1080p 720p & 480p [x264/HEVC] | Full Movie
Playdate (2025) WEB-DL [Hindi (DD5.1) & English] 4K 1080p 720p & 480p Dual Audio [x264/10Bit-HEVC] | Full Movie,https://image.tmdb.org/t/p/w342/fGodXWqJkkkbSebPIlxLSygV8GY.jpg,https://hdhub4u.pictures/playdate-2025-hindi-webrip-full-movie/,Playdate (2025) WEB-DL [Hindi (DD5.1) & English] 4K 1080p 720p & 480p Dual Audio [x264/10Bit-HEVC] | Full Movie
A Merry Little Ex-Mas (2025) WEB-DL [Hindi (DD5.1) & English] 1080p 720p & 480p Dual Audio [x264/10Bit-HEVC] | Full Movie,https://catimages.org/images/2025/11/12/A-Merry-Little-Ex-Mas-2025-HDHub4u.Ms.jpg,https://hdhub4u.pictures/a-merry-little-ex-mas-2025-hindi-webrip-full-movie/,A Merry Little Ex-Mas (2025) WEB-DL [Hindi (DD5.1) & English] 1080p 720p & 480p Dual Audio [x264/10Bit-HEVC] | Full Movie
Bigg Boss (Season 19) WEB-DL [Hindi 2.0] 1080p 720p & 480p [x264] HD | [JioHotStar Series] [EP-82 Added],https://catimages.org/images/2025/08/25/Bigg-Boss-2025-S19-HDHub4u.Ms.jpg,https://hdhub4u.pictures/bigg-boss-season-19-hindi-webrip-all-episodes/,Bigg Boss (Season 19) WEB-DL [Hindi 2.0] 1080p 720p & 480p [x264] HD | [JioHotStar Series] [EP-82 Added]
Black Phone 2 (2025) WEB-DL [Hindi (DD5.1) & English] 4K 1080p 720p & 480p Dual Audio [x264/10Bit-HEVC] | Full Movie,https://image.tmdb.org/t/p/w342/e8UXuYbVqjdeESIQ688hQP98Fzh.jpg,https://hdhub4u.pictures/black-phone-2-2025-hindi-webrip-full-movie/,Black Phone 2 (2025) WEB-DL [Hindi (DD5.1) & English] 4K 1080p 720p & 480p Dual Audio [x264/10Bit-HEVC] | Full Movie
IT: Welcome to Derry (Season 1) WEB-DL [Hindi (DD2.0) & English] 4K 1080p 720p & 480p [x264/10Bit-HEVC] | HBO Series | [EP-03 Added],https://image.tmdb.org/t/p/w342/sa26OBVEYzYRButAGkMlwr3rTkB.jpg,https://hdhub4u.pictures/it-welcome-to-derry-season-1-hindi-webrip-all-epsiodes/,IT: Welcome to Derry (Season 1) WEB-DL [Hindi (DD2.0) & English] 4K 1080p 720p & 480p [x264/10Bit-HEVC] | HBO Series | [EP-03 Added]
Jatadhara (2025) HDCAM [Hindi (Clean)] 1080p 720p & 480p [x264/HC-ESub] | Full Movie,https://image.tmdb.org/t/p/w342/jhDsVtdxEcxmuf794Hny5oKyaR4.jpg,https://hdhub4u.pictures/jatadhara-2025-hdcam-hindi-full-movie/,Jatadhara (2025) HDCAM [Hindi (Clean)] 1080p 720p & 480p [x264/HC-ESub] | Full Movie
Mayor of Kingstown (Season 4) WEB-DL [Hindi (DD2.0) & English] 1080p 720p & 480p Dual Audio [x264/ESubs]  | Paramount+ Series | [EP-03 Added],https://image.tmdb.org/t/p/w342/6rWIip9MZELAA0SKii5WqsBDCYW.jpg,https://hdhub4u.pictures/mayor-of-kingstown-season-4-webrip-hindi-full-series/,Mayor of Kingstown (Season 4) WEB-DL [Hindi (DD2.0) & English] 1080p 720p & 480p Dual Audio [x264/ESubs]  | Paramount+ Series | [EP-03 Added]
Predator: Badlands (2025) HDTC [Hindi (LiNE) & English] 1080p 720p & 480p Dual Audio [x264/HEVC] | Full Movie,https://image.tmdb.org/t/p/w342/s4LOi1nn6PemZLSG46g3MkwUKyF.jpg,https://hdhub4u.pictures/predator-badlands-2025-hindi-hdtc-full-movie/,Predator: Badlands (2025) HDTC [Hindi (LiNE) & English] 1080p 720p & 480p Dual Audio [x264/HEVC] | Full Movie
HAQ (2025) HQ-HDTC Hindi (LiNE) 1080p 720p & 480p [x264/HEVC] | Full Movie,https://catimages.org/images/2025/11/07/HAQ-2025-HDHub4u.Ms.jpg,https://hdhub4u.pictures/haq-2025-hindi-hdtc-full-movie/,HAQ (2025) HQ-HDTC Hindi (LiNE) 1080p 720p & 480p [x264/HEVC] | Full Movie
Frankenstein (2025) WEB-DL [Hindi (DD5.1) & English] 4K 1080p 720p & 480p Dual Audio [x264/10Bit-HEVC] | Full Movie,https://image.tmdb.org/t/p/w342/v9NLaLBbrkDwq44qG51v8T6sPuI.jpg,https://hdhub4u.pictures/frankenstein-2025-hindi-webrip-full-movie/,Frankenstein (2025) WEB-DL [Hindi (DD5.1) & English] 4K 1080p 720p & 480p Dual Audio [x264/10Bit-HEVC] | Full Movie
The Fantastic 4: First Steps (2025) BluRay [Hindi (DD5.1) & English] 4K 1080p 720p & 480p Dual Audio [x264/10Bit-HEVC] | Full Movie,https://image.tmdb.org/t/p/w342/cm8TNGBGG0aBfWj0LgrESHv8tir.jpg,https://hdhub4u.pictures/the-fantastic-4-first-steps-2025-bluray-hindi-full-movie/,The Fantastic 4: First Steps (2025) BluRay [Hindi (DD5.1) & English] 4K 1080p 720p & 480p Dual Audio [x264/10Bit-HEVC] | Full Movie
Bad Girl (2025) DS4K WEB-DL [Hindi (DD5.1) & Tamil] 4K 1080p 720p & 480p Dual Audio [x264/HEVC] | Full Movie,https://image.tmdb.org/t/p/w342/xh1g7aFqq5FqFlKtWVX1xzYKoUh.jpg,https://hdhub4u.pictures/bad-girl-2025-webrip-hindi-full-movie/,Bad Girl (2025) DS4K WEB-DL [Hindi (DD5.1) & Tamil] 4K 1080p 720p & 480p Dual Audio [x264/HEVC] | Full Movie
The Taj Story (2025) HDTC [Hindi (LiNE)] 1080p 720p & 480p [x264/HC-ESub] | Full Movie,https://image.tmdb.org/t/p/w342/6oMIAvdPWFbwowAq7Zn8unbREAY.jpg,https://hdhub4u.pictures/the-taj-story-2025-hdtc-hindi-full-movie/,The Taj Story (2025) HDTC [Hindi (LiNE)] 1080p 720p & 480p [x264/HC-ESub] | Full Movie
Bahubali: The Epic (2025) HDTC [Hindi (LiNE)] 1080p 720p & 480p [x264] | Full Movie,https://image.tmdb.org/t/p/w342/z9YIo2qscyaXYgRqIdRJtND3bw8.jpg,https://hdhub4u.pictures/bahubali-the-epic-2025-hdtc-hindi-full-movie/,Bahubali: The Epic (2025) HDTC [Hindi (LiNE)] 1080p 720p & 480p [x264] | Full Movie
Kantara – A Legend Chapter: 1 (2025) DS4K WEB-DL [Hindi (LiNE) & Kannada] 4K 1080p 720p & 480p [x264/10Bit-HEVC] | Full Movie,https://image.tmdb.org/t/p/w342/ehQPboTPaIMkMUOoNOh8e7pZ5Rp.jpg,https://hdhub4u.pictures/kantara-chapter-1-2025-ds4k-hindi-webrip-full-movie/,Kantara – A Legend Chapter: 1 (2025) DS4K WEB-DL [Hindi (LiNE) & Kannada] 4K 1080p 720p & 480p [x264/10Bit-HEVC] | Full Movie
Lokah – Chapter 1: Chandra (2025) DS4K WEB-DL [Hindi (DD5.1) & Malayalam] 4K 1080p 720p & 480p [x264/10Bit-HEVC] | Full Movie,https://image.tmdb.org/t/p/w342/mVLgxigdqMEyluylocqYTZW8uP.jpg,https://hdhub4u.pictures/lokah-chapter-1-hindi-ds4k-webrip-full-movie/,Lokah – Chapter 1: Chandra (2025) DS4K WEB-DL [Hindi (DD5.1) & Malayalam] 4K 1080p 720p & 480p [x264/10Bit-HEVC] | Full Movie
Nishaanchi (2025) WEB-DL [Hindi DD5.1] 4K 1080p 720p & 480p [x264/HEVC] | Full Movie,https://image.tmdb.org/t/p/w342/aDI8pTr7QDs1QnDKCKsAoEampZj.jpg,https://hdhub4u.pictures/nishaanchi-2025-webrip-hindi-full-movie/,Nishaanchi (2025) WEB-DL [Hindi DD5.1] 4K 1080p 720p & 480p [x264/HEVC] | Full Movie
The Witcher (Season 4) WEB-DL [Hindi (DD5.1) & English] 4K 1080p 720p & 480p Dual Audio [x264/10Bit-HEVC] | NF Series,https://image.tmdb.org/t/p/w342/AoGsDM02UVt0npBA8OvpDcZbaMi.jpg,https://hdhub4u.pictures/the-witcher-season-4-webrip-hindi-full-series/,The Witcher (Season 4) WEB-DL [Hindi (DD5.1) & English] 4K 1080p 720p & 480p Dual Audio [x264/10Bit-HEVC] | NF Series
Idli Kadai (2025) DS4K WEB-DL [Hindi (DD5.1) & Tamil] 4K 1080p 720p & 480p Dual Audio [x264/10Bit-HEVC] | Full Movie,https://catimages.org/images/2025/10/29/Idli-Kadai-2025-HDHub4u.Ms.jpg,https://hdhub4u.pictures/idli-kadai-2025-hindi-webrip-full-movie/,Idli Kadai (2025) DS4K WEB-DL [Hindi (DD5.1) & Tamil] 4K 1080p 720p & 480p Dual Audio [x264/10Bit-HEVC] | Full Movie
